"timestamp","utc_time","accel_x[counts]","accel_y[counts]","accel_z[counts]"
19264.0,"1094380243.008148193359375",1264,176,-368
19591.0,"1094380243.01812744140625",1312,176,-144
19918.0,"1094380243.028106689453125",1312,272,-608
20245.0,"1094380243.0380859375",1376,208,-880
20570.25,"1094380243.048004150390625",1504,-112,-368
20895.5,"1094380243.05792236328125",1312,64,-800
21220.75,"1094380243.067840576171875",1264,128,-496
21546.0,"1094380243.077789306640625",1248,0,-144
21871.25,"1094380243.08770751953125",1152,80,-448
22196.5,"1094380243.097625732421875",1104,160,-688
22521.75,"1094380243.1075439453125",1232,80,-1360
22847.0,"1094380243.11749267578125",1232,192,256
23172.25,"1094380243.127410888671875",1344,112,464
23497.5,"1094380243.1373291015625",1296,192,-816
23822.75,"1094380243.147247314453125",1136,144,64
24148.0,"1094380243.157196044921875",1328,352,-560
24472.75,"1094380243.167083740234375",1328,320,-928
24797.5,"1094380243.177001953125",1248,16,608
25122.25,"1094380243.186920166015625",1312,176,-32
25447.0,"1094380243.19683837890625",1136,144,-672
25772.5,"1094380243.206756591796875",1200,144,176
26098.0,"1094380243.216705322265625",1264,-32,-528
26423.5,"1094380243.22662353515625",1088,240,-144
26749.0,"1094380243.236572265625",1200,96,-336
27074.25,"1094380243.246490478515625",1360,-48,-512
27399.5,"1094380243.25640869140625",1088,160,-576
27724.75,"1094380243.266326904296875",1024,400,-448
28050.0,"1094380243.276275634765625",1072,272,-448
28375.0,"1094380243.28619384765625",1184,96,-480
28700.0,"1094380243.296112060546875",1248,112,-432
29025.0,"1094380243.3060302734375",1312,144,-400
29350.0,"1094380243.315948486328125",1328,80,-384
29674.75,"1094380243.325836181640625",1296,112,-448
29999.5,"1094380243.33575439453125",1296,64,-448
30324.25,"1094380243.345672607421875",1360,112,-400
30649.0,"1094380243.3555908203125",1360,288,-304
30974.75,"1094380243.365509033203125",1264,160,-208
31300.5,"1094380243.375457763671875",1328,80,-400
31626.25,"1094380243.385406494140625",1392,160,-336
31952.0,"1094380243.395355224609375",1392,176,-320
32276.5,"1094380243.405242919921875",1328,160,-272
32601.0,"1094380243.4151611328125",1264,160,-208
32925.5,"1094380243.425048828125",992,112,-80
33250.0,"1094380243.434967041015625",944,112,-64
33575.25,"1094380243.44488525390625",960,112,-64
33900.5,"1094380243.454803466796875",992,128,-32
34225.75,"1094380243.4647216796875",928,224,-48
34551.0,"1094380243.47467041015625",864,48,-128
34876.25,"1094380243.484588623046875",896,128,-64
35201.5,"1094380243.4945068359375",992,112,-32
35526.75,"1094380243.504425048828125",928,256,-16
35852.0,"1094380243.514373779296875",1056,80,-64
36177.0,"1094380243.5242919921875",1056,48,0
36502.0,"1094380243.534210205078125",944,48,-112
36827.0,"1094380243.54412841796875",928,128,-48
37152.0,"1094380243.554046630859375",1008,96,-64
37477.25,"1094380243.56396484375",928,96,-64
37802.5,"1094380243.573883056640625",992,96,-64
38127.75,"1094380243.58380126953125",1008,80,-64
38453.0,"1094380243.59375",976,80,-80
38778.0,"1094380243.603668212890625",992,48,-48
39103.0,"1094380243.61358642578125",1008,64,-32
39428.0,"1094380243.623504638671875",992,80,-64
39753.0,"1094380243.6334228515625",1008,128,-48
40078.25,"1094380243.643341064453125",1056,96,-64
40403.5,"1094380243.65325927734375",1056,48,-80
40728.75,"1094380243.663177490234375",992,112,-64
41054.0,"1094380243.673126220703125",944,80,-48
41379.0,"1094380243.68304443359375",1040,16,-96
41704.0,"1094380243.692962646484375",1024,-16,-96
42029.0,"1094380243.702880859375",912,96,-48
42354.0,"1094380243.712799072265625",1008,128,-48
42679.25,"1094380243.72271728515625",832,96,-64
43004.5,"1094380243.732635498046875",960,112,-64
43329.75,"1094380243.7425537109375",496,112,112
43655.0,"1094380243.75250244140625",1072,192,-64
43980.0,"1094380243.762420654296875",1264,112,-96
44305.0,"1094380243.7723388671875",1136,96,-160
44630.0,"1094380243.782257080078125",944,48,-112
44955.0,"1094380243.79217529296875",1008,-96,-64
45280.0,"1094380243.802093505859375",880,208,-16
45605.0,"1094380243.81201171875",1248,160,0
45930.0,"1094380243.821929931640625",928,-16,-64
46255.0,"1094380243.83184814453125",1008,128,-80
46580.5,"1094380243.841766357421875",1040,64,-32
46906.0,"1094380243.851715087890625",1040,176,-80
47231.5,"1094380243.86163330078125",976,112,-64
47557.0,"1094380243.87158203125",976,96,-112
47882.0,"1094380243.881500244140625",1040,96,-80
48207.0,"1094380243.89141845703125",832,16,-64
48532.0,"1094380243.901336669921875",1056,192,0
48857.0,"1094380243.9112548828125",1120,256,96
49182.5,"1094380243.921173095703125",816,64,0
49508.0,"1094380243.931121826171875",864,-16,-16
49833.5,"1094380243.9410400390625",816,176,-16
50159.0,"1094380243.95098876953125",1056,128,-96
50484.25,"1094380243.960906982421875",816,96,208
50809.5,"1094380243.9708251953125",1008,64,80
51134.75,"1094380243.980743408203125",752,64,176
51460.0,"1094380243.990692138671875",992,-48,-432
51785.25,"1094380244.0006103515625",816,336,384
52110.5,"1094380244.010528564453125",1072,704,192
52435.75,"1094380244.02044677734375",1072,304,128
52761.0,"1094380244.0303955078125",864,-144,-80
53086.25,"1094380244.040313720703125",912,96,-48
53411.5,"1094380244.05023193359375",944,272,-16
53736.75,"1094380244.060150146484375",1120,288,0
54062.0,"1094380244.070098876953125",992,160,-16
54387.0,"1094380244.08001708984375",960,112,0
54712.0,"1094380244.089935302734375",960,160,-48
55037.0,"1094380244.099853515625",944,144,-16
55362.0,"1094380244.109771728515625",992,144,0
55687.25,"1094380244.11968994140625",992,160,0
56012.5,"1094380244.129608154296875",992,112,0
56337.75,"1094380244.1395263671875",992,160,32
56663.0,"1094380244.14947509765625",1008,176,0
56988.25,"1094380244.159393310546875",944,208,-48
57313.5,"1094380244.1693115234375",944,208,-32
57638.75,"1094380244.179229736328125",944,176,-16
57964.0,"1094380244.189178466796875",992,32,32
58289.5,"1094380244.1990966796875",992,64,-48
58615.0,"1094380244.20904541015625",960,96,-16
58940.5,"1094380244.218963623046875",976,144,-16
59266.0,"1094380244.228912353515625",1008,208,0
59591.0,"1094380244.23883056640625",992,96,16
59916.0,"1094380244.248748779296875",992,96,32
60241.0,"1094380244.2586669921875",944,96,64
60566.0,"1094380244.268585205078125",992,208,0
60891.25,"1094380244.27850341796875",992,224,48
61216.5,"1094380244.288421630859375",1072,240,48
61541.75,"1094380244.29833984375",1056,32,80
61867.0,"1094380244.30828857421875",1072,-48,32
62192.25,"1094380244.318206787109375",976,16,64
62517.5,"1094380244.328125",880,-32,112
62842.75,"1094380244.338043212890625",928,-16,96
63168.0,"1094380244.347991943359375",960,-16,32
63493.25,"1094380244.35791015625",944,-80,-16
63818.5,"1094380244.367828369140625",992,-80,-16
64143.75,"1094380244.37774658203125",1008,-16,-64
64469.0,"1094380244.3876953125",1072,-16,16
64794.0,"1094380244.397613525390625",1056,64,64
65119.0,"1094380244.40753173828125",1056,96,128
65444.0,"1094380244.417449951171875",960,80,192
65769.0,"1094380244.4273681640625",928,64,224
66094.0,"1094380244.437286376953125",816,0,176
66419.0,"1094380244.44720458984375",800,-192,256
66744.0,"1094380244.457122802734375",1056,-528,272
67069.0,"1094380244.467041015625",928,112,64
67394.5,"1094380244.476959228515625",1072,128,-112
67720.0,"1094380244.486907958984375",1200,144,-64
68045.5,"1094380244.496826171875",1024,32,80
68371.0,"1094380244.50677490234375",944,-48,144
68696.25,"1094380244.516693115234375",960,-48,128
69021.5,"1094380244.526611328125",784,48,64
69346.75,"1094380244.536529541015625",1008,144,16
69672.0,"1094380244.546478271484375",1184,80,0
69997.0,"1094380244.556396484375",1136,-32,16
70322.0,"1094380244.566314697265625",1136,-48,0
70647.0,"1094380244.57623291015625",1120,-96,64
70972.0,"1094380244.586151123046875",912,-64,144
71297.5,"1094380244.5960693359375",880,-96,208
71623.0,"1094380244.60601806640625",864,-32,320
71948.5,"1094380244.615936279296875",880,16,336
72274.0,"1094380244.625885009765625",896,-32,336
72599.25,"1094380244.63580322265625",992,-16,224
72924.5,"1094380244.645721435546875",1056,-32,192
73249.75,"1094380244.6556396484375",1200,-80,208
73575.0,"1094380244.66558837890625",1040,96,256
73900.0,"1094380244.675506591796875",1024,-48,272
74225.0,"1094380244.6854248046875",928,-16,224
74550.0,"1094380244.695343017578125",928,-48,240
74875.0,"1094380244.70526123046875",928,-48,256
75200.0,"1094380244.715179443359375",896,-32,352
75525.0,"1094380244.72509765625",896,-48,384
75850.0,"1094380244.735015869140625",992,-96,288
76175.0,"1094380244.74493408203125",1072,-112,208
76500.5,"1094380244.754852294921875",1056,-80,208
76826.0,"1094380244.764801025390625",1136,-32,208
77151.5,"1094380244.77471923828125",992,-64,256
77477.0,"1094380244.78466796875",880,-224,336
77802.25,"1094380244.794586181640625",720,-336,288
78127.5,"1094380244.80450439453125",608,-368,240
78452.75,"1094380244.814422607421875",560,-480,256
78778.0,"1094380244.824371337890625",608,-528,240
79103.25,"1094380244.83428955078125",752,-384,224
79428.5,"1094380244.844207763671875",1120,-288,208
79753.75,"1094380244.8541259765625",1264,-224,336
80079.0,"1094380244.86407470703125",1184,-240,416
80404.0,"1094380244.873992919921875",1168,-288,288
80729.0,"1094380244.8839111328125",1168,-352,192
81054.0,"1094380244.893829345703125",1168,-480,128
81379.0,"1094380244.90374755859375",1248,-416,96
81704.25,"1094380244.913665771484375",1376,-272,208
82029.5,"1094380244.923583984375",1520,-288,256
82354.75,"1094380244.933502197265625",1712,-160,224
82680.0,"1094380244.943450927734375",1840,-16,192
83005.25,"1094380244.953369140625",1936,144,352
83330.5,"1094380244.963287353515625",2000,224,64
83655.75,"1094380244.97320556640625",2208,176,32
83981.0,"1094380244.983154296875",2080,192,-96
84306.5,"1094380244.993072509765625",1792,384,-128
84632.0,"1094380245.003021240234375",1136,432,-64
84957.5,"1094380245.012939453125",1072,448,400
85283.0,"1094380245.02288818359375",832,208,-16
85608.0,"1094380245.032806396484375",816,-592,96
85933.0,"1094380245.042724609375",816,-432,192
86258.0,"1094380245.052642822265625",1072,-112,544
86583.0,"1094380245.06256103515625",1264,176,528
86908.25,"1094380245.072479248046875",1216,336,384
87233.5,"1094380245.0823974609375",1280,416,272
87558.75,"1094380245.092315673828125",1104,672,64
87884.0,"1094380245.102264404296875",944,496,-48
88209.25,"1094380245.1121826171875",1120,-432,640
88534.5,"1094380245.122100830078125",1376,256,-32
88859.75,"1094380245.13201904296875",1648,752,176
89185.0,"1094380245.1419677734375",1632,672,112
89510.0,"1094380245.151885986328125",1600,432,-112
89835.0,"1094380245.16180419921875",1632,464,-304
90160.0,"1094380245.171722412109375",1584,864,-144
90485.0,"1094380245.181640625",1584,1072,-16
90810.25,"1094380245.191558837890625",1632,1008,144
91135.5,"1094380245.20147705078125",1648,912,-16
91460.75,"1094380245.211395263671875",1648,944,-80
91786.0,"1094380245.221343994140625",1632,576,-112
92111.25,"1094380245.23126220703125",1808,208,-80
92436.5,"1094380245.241180419921875",1952,512,64
92761.75,"1094380245.2510986328125",1632,1024,-16
93087.0,"1094380245.26104736328125",1376,992,-96
93412.5,"1094380245.270965576171875",1392,480,-256
93738.0,"1094380245.280914306640625",1504,256,-144
94063.5,"1094380245.29083251953125",1648,288,0
94389.0,"1094380245.30078125",1824,288,-64
94714.25,"1094380245.310699462890625",1936,96,-16
95039.5,"1094380245.32061767578125",2112,-144,80
95364.75,"1094380245.330535888671875",2176,-416,192
95690.0,"1094380245.340484619140625",2112,-544,272
96015.25,"1094380245.35040283203125",2048,-560,384
96340.5,"1094380245.360321044921875",2080,-576,496
96665.75,"1094380245.3702392578125",2096,-720,592
96991.0,"1094380245.38018798828125",1888,-784,592
97316.0,"1094380245.390106201171875",1600,-608,640
97641.0,"1094380245.4000244140625",1296,-528,672
97966.0,"1094380245.409942626953125",928,-640,512
98291.0,"1094380245.41986083984375",560,-800,352
98616.25,"1094380245.429779052734375",240,-848,240
98941.5,"1094380245.439697265625",96,-896,288
99266.75,"1094380245.449615478515625",128,-752,256
99592.0,"1094380245.459564208984375",320,-1008,64
99917.25,"1094380245.469482421875",560,-1184,352
100242.5,"1094380245.479400634765625",544,-1536,544
100567.75,"1094380245.48931884765625",816,-1600,544
100893.0,"1094380245.499267578125",928,-1360,432
101218.0,"1094380245.509185791015625",992,-1056,592
101543.0,"1094380245.51910400390625",1056,-1024,560
101868.0,"1094380245.529022216796875",1424,-1568,288
102193.0,"1094380245.5389404296875",1760,-2016,336
102518.25,"1094380245.548858642578125",1728,-1968,576
102843.5,"1094380245.55877685546875",1776,-1856,848
103168.75,"1094380245.568695068359375",1824,-2080,1056
103494.0,"1094380245.578643798828125",1392,-2576,992
103819.25,"1094380245.58856201171875",960,-2704,784
104144.5,"1094380245.598480224609375",1040,-2224,1008
104469.75,"1094380245.6083984375",1136,-1728,1376
104795.0,"1094380245.61834716796875",992,-1632,1296
105120.25,"1094380245.628265380859375",672,-1360,976
105445.5,"1094380245.63818359375",816,448,-336
105770.75,"1094380245.648101806640625",2224,6144,-1984
106096.0,"1094380245.658050537109375",2656,832,2672
106421.0,"1094380245.66796875",8160,-7968,5248
106746.0,"1094380245.677886962890625",5488,-2688,-8096
107071.0,"1094380245.68780517578125",-5072,1632,1376
107396.0,"1094380245.697723388671875",-3280,752,144
107721.25,"1094380245.7076416015625",1904,-3200,496
108046.5,"1094380245.717559814453125",2928,-256,-608
108371.75,"1094380245.72747802734375",544,16,80
108697.0,"1094380245.7374267578125",272,-416,256
109022.0,"1094380245.747344970703125",1312,128,256
109347.0,"1094380245.75726318359375",1376,-96,496
109672.0,"1094380245.767181396484375",1072,-64,288
109997.0,"1094380245.777099609375",1184,-160,224
110322.25,"1094380245.787017822265625",1392,-320,256
110647.5,"1094380245.79693603515625",1200,-336,288
110972.75,"1094380245.806854248046875",1232,-112,384
111298.0,"1094380245.816802978515625",1424,-160,256
111623.25,"1094380245.82672119140625",1536,-256,304
111948.5,"1094380245.836639404296875",1584,-256,464
112273.75,"1094380245.8465576171875",1776,-192,416
112599.0,"1094380245.85650634765625",2096,-64,288
112924.25,"1094380245.866424560546875",2320,32,176
113249.5,"1094380245.8763427734375",2912,0,448
113574.75,"1094380245.886260986328125",3824,1712,880
113900.0,"1094380245.896209716796875",1952,1200,-32
114225.25,"1094380245.9061279296875",1920,-448,-144
114550.5,"1094380245.916046142578125",1072,-1760,560
114875.75,"1094380245.92596435546875",2096,-400,-32
115201.0,"1094380245.9359130859375",1952,-880,1248
115526.0,"1094380245.945831298828125",2144,-2192,960
115851.0,"1094380245.95574951171875",1968,-720,288
116176.0,"1094380245.965667724609375",1072,944,368
116501.0,"1094380245.9755859375",1056,464,496
116826.25,"1094380245.985504150390625",1040,560,80
117151.5,"1094380245.99542236328125",1328,768,224
117476.75,"1094380246.005340576171875",1648,864,160
117802.0,"1094380246.015289306640625",1680,1264,160
118127.0,"1094380246.02520751953125",1440,1360,160
118452.0,"1094380246.035125732421875",1392,1088,160
118777.0,"1094380246.0450439453125",1552,1072,176
119102.0,"1094380246.054962158203125",1568,1392,144
119427.0,"1094380246.06488037109375",1072,1776,160
119752.0,"1094380246.074798583984375",736,1760,64
120077.0,"1094380246.084716796875",640,1680,128
120402.0,"1094380246.094635009765625",1136,1376,48
120727.5,"1094380246.10455322265625",1568,1248,32
121053.0,"1094380246.114501953125",2016,1312,-128
121378.5,"1094380246.124420166015625",2432,1232,-96
121704.0,"1094380246.134368896484375",2368,1072,16
122029.25,"1094380246.144287109375",1824,864,-288
122354.5,"1094380246.154205322265625",1504,528,-112
122679.75,"1094380246.16412353515625",1136,608,224
123005.0,"1094380246.174072265625",800,480,304
123330.0,"1094380246.183990478515625",304,384,320
123655.0,"1094380246.19390869140625",32,224,192
123980.0,"1094380246.203826904296875",-80,128,48
124305.0,"1094380246.2137451171875",-192,176,-128
124630.25,"1094380246.223663330078125",-80,80,-368
124955.5,"1094380246.23358154296875",-96,64,-416
125280.75,"1094380246.243499755859375",-144,176,-320
125606.0,"1094380246.253448486328125",48,64,-400
125931.25,"1094380246.26336669921875",400,-48,-544
126256.5,"1094380246.273284912109375",784,-144,-480
126581.75,"1094380246.283203125",1392,-240,-288
126907.0,"1094380246.29315185546875",1712,-416,-32
127232.0,"1094380246.303070068359375",2016,-688,-64
127557.0,"1094380246.31298828125",2112,-784,-64
127882.0,"1094380246.322906494140625",2448,-832,32
128207.0,"1094380246.33282470703125",2768,-976,192
128532.25,"1094380246.342742919921875",2832,-1264,80
128857.5,"1094380246.3526611328125",2912,-1408,224
129182.75,"1094380246.362579345703125",3568,-1936,48
129508.0,"1094380246.372528076171875",4096,-2896,352
129833.25,"1094380246.3824462890625",4480,-4128,208
130158.5,"1094380246.392364501953125",3360,-3664,304
130483.75,"1094380246.40228271484375",2160,-2688,608
130809.0,"1094380246.4122314453125",1760,-2192,480
131134.25,"1094380246.422149658203125",1744,-2592,160
131459.5,"1094380246.43206787109375",1328,-2544,-48
131784.75,"1094380246.441986083984375",1312,-2288,64
132110.0,"1094380246.451934814453125",1440,-1824,-176
132435.25,"1094380246.46185302734375",1232,-1552,-192
132760.5,"1094380246.471771240234375",1184,-1120,0
133085.75,"1094380246.481689453125",1008,-1200,-80
133411.0,"1094380246.49163818359375",928,304,-16
133736.25,"1094380246.501556396484375",784,2064,-304
134061.5,"1094380246.511474609375",736,2368,-544
134386.75,"1094380246.521392822265625",1248,704,-48
134712.0,"1094380246.531341552734375",1824,-688,-96
135037.0,"1094380246.541259765625",2384,-784,-400
135362.0,"1094380246.551177978515625",1888,-16,-496
135687.0,"1094380246.56109619140625",816,416,-160
136012.0,"1094380246.571014404296875",416,544,352
136337.25,"1094380246.5809326171875",656,176,1104
136662.5,"1094380246.590850830078125",1296,80,464
136987.75,"1094380246.60076904296875",1280,128,512
137313.0,"1094380246.6107177734375",1264,-256,-384
137638.0,"1094380246.620635986328125",1232,-256,-96
137963.0,"1094380246.63055419921875",1120,32,-208
138288.0,"1094380246.640472412109375",1056,-448,-224
138613.0,"1094380246.650390625",1040,-208,-320
138938.0,"1094380246.660308837890625",1040,0,-144
139263.0,"1094380246.67022705078125",944,96,-80
139588.0,"1094380246.680145263671875",992,112,-48
139913.0,"1094380246.6900634765625",1072,208,80
140238.25,"1094380246.699981689453125",1120,224,176
140563.5,"1094380246.70989990234375",1056,288,128
140888.75,"1094380246.719818115234375",944,304,32
141214.0,"1094380246.729766845703125",880,208,-16
141539.25,"1094380246.73968505859375",832,224,0
141864.5,"1094380246.749603271484375",928,256,16
142189.75,"1094380246.759521484375",992,256,48
142515.0,"1094380246.76947021484375",992,224,-32
142840.25,"1094380246.779388427734375",944,304,-96
143165.5,"1094380246.789306640625",928,288,-64
143490.75,"1094380246.799224853515625",928,112,-64
143816.0,"1094380246.809173583984375",896,96,-256
144141.0,"1094380246.819091796875",896,96,-240
144466.0,"1094380246.829010009765625",1024,128,-208
144791.0,"1094380246.83892822265625",1232,192,0
145116.0,"1094380246.848846435546875",1280,256,80
145441.25,"1094380246.8587646484375",1024,32,64
145766.5,"1094380246.868682861328125",992,-192,-80
146091.75,"1094380246.87860107421875",944,-64,-112
146417.0,"1094380246.8885498046875",800,-32,-176
146742.25,"1094380246.898468017578125",704,-96,-384
147067.5,"1094380246.90838623046875",704,-176,-416
147392.75,"1094380246.918304443359375",896,-48,-368
147718.0,"1094380246.928253173828125",992,64,-224
148043.25,"1094380246.93817138671875",1104,256,-64
148368.5,"1094380246.948089599609375",1120,352,-16
148693.75,"1094380246.9580078125",1136,272,-48
149019.0,"1094380246.96795654296875",1088,224,-96
149344.25,"1094380246.977874755859375",992,240,-32
149669.5,"1094380246.98779296875",880,208,-48
149994.75,"1094380246.997711181640625",736,64,-64
150320.0,"1094380247.007659912109375",816,32,-96
150645.25,"1094380247.017578125",912,-32,-192
150970.5,"1094380247.027496337890625",960,80,-240
151295.75,"1094380247.03741455078125",976,160,-208
151621.0,"1094380247.04736328125",976,160,-272
151946.25,"1094380247.057281494140625",992,112,-240
152271.5,"1094380247.06719970703125",1008,96,-176
152596.75,"1094380247.077117919921875",992,208,-192
152922.0,"1094380247.087066650390625",944,240,-192
153247.25,"1094380247.09698486328125",848,224,-288
153572.5,"1094380247.106903076171875",864,160,-288
153897.75,"1094380247.1168212890625",928,80,-208
154223.0,"1094380247.12677001953125",928,0,-256
154548.0,"1094380247.136688232421875",928,-16,-240
154873.0,"1094380247.1466064453125",928,80,-224
155198.0,"1094380247.156524658203125",992,128,-128
155523.0,"1094380247.16644287109375",912,112,-208
155848.5,"1094380247.176361083984375",960,64,-224
156174.0,"1094380247.186309814453125",992,32,-240
156499.5,"1094380247.19622802734375",1008,64,-256
156825.0,"1094380247.2061767578125",880,128,-304
157150.0,"1094380247.216094970703125",816,240,-272
157475.0,"1094380247.22601318359375",816,208,-224
157800.0,"1094380247.235931396484375",944,112,-176
158125.0,"1094380247.245849609375",976,112,-160
158450.25,"1094380247.255767822265625",992,160,-224
158775.5,"1094380247.26568603515625",1008,144,-240
159100.75,"1094380247.275604248046875",992,144,-272
159426.0,"1094380247.285552978515625",992,128,-240
159751.0,"1094380247.29547119140625",976,64,-240
160076.0,"1094380247.305389404296875",960,64,-240
160401.0,"1094380247.3153076171875",912,80,-256
160726.0,"1094380247.325225830078125",880,64,-256
161051.0,"1094380247.33514404296875",896,64,-304
161376.0,"1094380247.345062255859375",928,48,-288
161701.0,"1094380247.35498046875",928,96,-256
162026.0,"1094380247.364898681640625",928,144,-224
162351.25,"1094380247.37481689453125",928,144,-176
162676.5,"1094380247.384735107421875",928,112,-192
163001.75,"1094380247.3946533203125",880,112,-256
163327.0,"1094380247.40460205078125",880,128,-320
163652.0,"1094380247.414520263671875",864,128,-336
163977.0,"1094380247.4244384765625",864,96,-336
164302.0,"1094380247.434356689453125",944,112,-320
164627.0,"1094380247.44427490234375",928,112,-336
164952.25,"1094380247.454193115234375",944,112,-288
165277.5,"1094380247.464111328125",1008,128,-240
165602.75,"1094380247.474029541015625",976,176,-192
165928.0,"1094380247.483978271484375",992,192,-160
166253.5,"1094380247.493896484375",976,176,-208
166579.0,"1094380247.50384521484375",832,16,-352
166904.5,"1094380247.513763427734375",768,32,-384
167230.0,"1094380247.523712158203125",816,96,-320
167555.0,"1094380247.53363037109375",848,160,-256
167880.0,"1094380247.543548583984375",944,240,-208
168205.0,"1094380247.553466796875",1008,240,-224
168530.0,"1094380247.563385009765625",1008,240,-256
168855.25,"1094380247.57330322265625",960,160,-320
169180.5,"1094380247.583221435546875",864,80,-288
169505.75,"1094380247.5931396484375",752,-16,-416
169831.0,"1094380247.60308837890625",752,-96,-416
170156.25,"1094380247.613006591796875",800,0,-304
170481.5,"1094380247.6229248046875",992,176,-208
170806.75,"1094380247.632843017578125",1072,224,-256
171132.0,"1094380247.642791748046875",1056,160,-352
171457.0,"1094380247.6527099609375",992,48,-336
171782.0,"1094380247.662628173828125",1008,192,-224
172107.0,"1094380247.67254638671875",816,288,-176
172432.0,"1094380247.682464599609375",800,272,-128
172757.25,"1094380247.6923828125",928,304,-16
173082.5,"1094380247.702301025390625",992,368,-208
173407.75,"1094380247.71221923828125",1008,176,-384
173733.0,"1094380247.72216796875",960,-16,-368
174058.25,"1094380247.732086181640625",992,64,-304
174383.5,"1094380247.74200439453125",992,160,-272
174708.75,"1094380247.751922607421875",896,160,-288
175034.0,"1094380247.761871337890625",896,80,-288
175359.25,"1094380247.77178955078125",976,64,-224
175684.5,"1094380247.781707763671875",960,144,-144
176009.75,"1094380247.7916259765625",960,224,-64
176335.0,"1094380247.80157470703125",992,336,-96
176660.0,"1094380247.811492919921875",976,288,-208
176985.0,"1094380247.8214111328125",1008,16,-256
177310.0,"1094380247.831329345703125",1056,-64,-336
177635.0,"1094380247.84124755859375",1024,-32,-288
177960.25,"1094380247.851165771484375",1056,-32,-336
178285.5,"1094380247.861083984375",992,32,-336
178610.75,"1094380247.871002197265625",880,128,-336
178936.0,"1094380247.880950927734375",880,112,-336
179261.0,"1094380247.890869140625",944,96,-320
179586.0,"1094380247.900787353515625",928,160,-384
179911.0,"1094380247.91070556640625",928,288,-336
180236.0,"1094380247.920623779296875",720,480,-272
180561.25,"1094380247.9305419921875",864,272,-112
180886.5,"1094380247.940460205078125",1056,96,-112
181211.75,"1094380247.95037841796875",1008,224,-112
181537.0,"1094380247.9603271484375",864,304,-176
181862.25,"1094380247.970245361328125",864,224,-256
182187.5,"1094380247.98016357421875",928,144,-272
182512.75,"1094380247.990081787109375",880,208,-224
182838.0,"1094380248.000030517578125",864,256,-288
183163.25,"1094380248.00994873046875",864,224,-240
183488.5,"1094380248.019866943359375",992,128,-240
183813.75,"1094380248.02978515625",1072,-80,-304
184139.0,"1094380248.03973388671875",1056,-16,-352
184464.25,"1094380248.049652099609375",896,272,-224
184789.5,"1094380248.0595703125",896,320,-112
185114.75,"1094380248.069488525390625",864,272,-128
185440.0,"1094380248.079437255859375",880,208,-176
185765.25,"1094380248.08935546875",928,240,-272
186090.5,"1094380248.099273681640625",928,192,-368
186415.75,"1094380248.10919189453125",880,240,-448
186741.0,"1094380248.119140625",864,272,-464
187066.25,"1094380248.129058837890625",816,208,-464
187391.5,"1094380248.13897705078125",768,32,-480
187716.75,"1094380248.148895263671875",784,-48,-448
188042.0,"1094380248.158843994140625",752,112,-320
188366.75,"1094380248.168731689453125",752,304,-320
188691.5,"1094380248.17864990234375",880,320,-352
189016.25,"1094380248.188568115234375",992,240,-304
189341.0,"1094380248.198486328125",1072,192,-320
189666.75,"1094380248.208404541015625",976,240,-272
189992.5,"1094380248.218353271484375",816,352,-288
190318.25,"1094380248.228302001953125",800,320,-176
190644.0,"1094380248.238250732421875",928,272,-192
190968.75,"1094380248.248138427734375",912,176,-304
191293.5,"1094380248.258056640625",832,160,-336
191618.25,"1094380248.267974853515625",848,208,-368
191943.0,"1094380248.27789306640625",912,256,-336
192268.5,"1094380248.287811279296875",912,256,-352
192594.0,"1094380248.297760009765625",864,256,-352
192919.5,"1094380248.30767822265625",880,240,-368
193245.0,"1094380248.317626953125",848,240,-368
193570.25,"1094380248.327545166015625",880,224,-352
193895.5,"1094380248.33746337890625",944,224,-320
194220.75,"1094380248.347381591796875",928,208,-304
194546.0,"1094380248.357330322265625",928,256,-352
194871.25,"1094380248.36724853515625",864,256,-368
195196.5,"1094380248.377166748046875",864,240,-352
195521.75,"1094380248.3870849609375",816,288,-336
195847.0,"1094380248.39703369140625",864,256,-336
196172.0,"1094380248.406951904296875",864,224,-320
196497.0,"1094380248.4168701171875",880,224,-320
196822.0,"1094380248.426788330078125",944,240,-320
197147.0,"1094380248.43670654296875",912,240,-320
197472.0,"1094380248.446624755859375",896,288,-288
197797.0,"1094380248.45654296875",864,320,-320
198122.0,"1094380248.466461181640625",880,288,-320
198447.0,"1094380248.47637939453125",848,240,-304
198772.25,"1094380248.486297607421875",896,288,-192
199097.5,"1094380248.4962158203125",880,320,-320
199422.75,"1094380248.506134033203125",864,240,-320
199748.0,"1094380248.516082763671875",880,224,-336
200073.0,"1094380248.5260009765625",880,272,-336
200398.0,"1094380248.535919189453125",880,304,-336
200723.0,"1094380248.54583740234375",832,320,-304
201048.0,"1094380248.555755615234375",864,240,-320
201373.5,"1094380248.565673828125",864,160,-352
201699.0,"1094380248.57562255859375",928,160,-368
202024.5,"1094380248.585540771484375",928,176,-336
202350.0,"1094380248.595489501953125",944,224,-352
202675.0,"1094380248.60540771484375",944,224,-320
203000.0,"1094380248.615325927734375",912,272,-320
203325.0,"1094380248.625244140625",784,352,-336
203650.0,"1094380248.635162353515625",784,320,-240
203975.25,"1094380248.64508056640625",880,400,-272
204300.5,"1094380248.654998779296875",864,368,-224
204625.75,"1094380248.6649169921875",880,272,-256
204951.0,"1094380248.67486572265625",944,256,-304
205276.25,"1094380248.684783935546875",992,208,-320
205601.5,"1094380248.6947021484375",864,272,-352
205926.75,"1094380248.704620361328125",752,256,-384
206252.0,"1094380248.714569091796875",784,352,-352
206577.25,"1094380248.7244873046875",928,304,-320
206902.5,"1094380248.734405517578125",944,304,-352
207227.75,"1094380248.74432373046875",960,320,-336
207553.0,"1094380248.7542724609375",752,112,-256
207878.25,"1094380248.764190673828125",800,240,-432
208203.5,"1094380248.77410888671875",928,352,-304
208528.75,"1094380248.784027099609375",848,224,-288
208854.0,"1094380248.793975830078125",880,256,-320
209179.0,"1094380248.80389404296875",864,240,-320
209504.0,"1094380248.813812255859375",880,240,-304
209829.0,"1094380248.82373046875",880,288,-320
210154.0,"1094380248.833648681640625",880,288,-320
210479.5,"1094380248.84356689453125",896,304,-320
210805.0,"1094380248.853515625",848,240,-320
211130.5,"1094380248.863433837890625",848,224,-352
211456.0,"1094380248.873382568359375",880,304,-336
211781.0,"1094380248.88330078125",944,352,-304
212106.0,"1094380248.893218994140625",880,256,-304
212431.0,"1094380248.90313720703125",880,256,-320
212756.0,"1094380248.913055419921875",880,304,-320
213081.0,"1094380248.9229736328125",896,288,-304
213406.0,"1094380248.932891845703125",928,352,-288
213731.0,"1094380248.94281005859375",928,288,-272
214056.0,"1094380248.952728271484375",896,208,-288
214381.5,"1094380248.962646484375",816,208,-384
214707.0,"1094380248.97259521484375",880,208,-336
215032.5,"1094380248.982513427734375",784,192,-336
215358.0,"1094380248.992462158203125",848,256,-336
215683.25,"1094380249.00238037109375",912,288,-320
216008.5,"1094380249.012298583984375",912,368,-288
216333.75,"1094380249.022216796875",896,352,-288
216659.0,"1094380249.03216552734375",864,400,-304
216984.25,"1094380249.042083740234375",816,240,-320
217309.5,"1094380249.052001953125",800,192,-336
217634.75,"1094380249.061920166015625",864,224,-320
217960.0,"1094380249.071868896484375",880,256,-304
218285.25,"1094380249.081787109375",912,224,-336
218610.5,"1094380249.091705322265625",880,224,-352
218935.75,"1094380249.10162353515625",880,160,-320
219261.0,"1094380249.111572265625",880,176,-336
219586.25,"1094380249.121490478515625",912,288,-320
219911.5,"1094380249.13140869140625",976,400,-288
220236.75,"1094380249.141326904296875",880,288,-304
220562.0,"1094380249.151275634765625",880,288,-320
220887.5,"1094380249.16119384765625",848,288,-288
221213.0,"1094380249.171142578125",848,240,-288
221538.5,"1094380249.181060791015625",880,256,-320
221864.0,"1094380249.191009521484375",864,288,-288
222189.25,"1094380249.200927734375",896,304,-288
222514.5,"1094380249.210845947265625",880,288,-304
222839.75,"1094380249.22076416015625",944,272,-304
223165.0,"1094380249.230712890625",848,256,-304
223490.25,"1094380249.240631103515625",896,240,-304
223815.5,"1094380249.25054931640625",880,288,-272
224140.75,"1094380249.260467529296875",864,304,-288
224466.0,"1094380249.270416259765625",880,176,-320
224791.25,"1094380249.28033447265625",832,240,-320
225116.5,"1094380249.290252685546875",960,352,-304
225441.75,"1094380249.3001708984375",896,336,-304
225767.0,"1094380249.31011962890625",976,304,-272
226092.25,"1094380249.320037841796875",880,256,-336
226417.5,"1094380249.3299560546875",816,256,-336
226742.75,"1094380249.339874267578125",880,336,-288
227068.0,"1094380249.349822998046875",912,320,-288
227393.25,"1094380249.3597412109375",880,304,-336
227718.5,"1094380249.369659423828125",864,240,-288
228043.75,"1094380249.37957763671875",864,272,-304
228369.0,"1094380249.3895263671875",912,240,-320
228694.5,"1094380249.399444580078125",832,208,-256
229020.0,"1094380249.409393310546875",880,272,-304
229345.5,"1094380249.4193115234375",928,224,-304
229671.0,"1094380249.42926025390625",864,176,-304
229996.0,"1094380249.439178466796875",864,96,-304
230321.0,"1094380249.4490966796875",864,192,-304
230646.0,"1094380249.459014892578125",848,352,-320
230971.0,"1094380249.46893310546875",960,464,-464
231296.25,"1094380249.478851318359375",1184,352,-1008
231621.5,"1094380249.48876953125",1120,128,-1184
231946.75,"1094380249.498687744140625",1008,160,-1072
232272.0,"1094380249.508636474609375",992,-48,-864
232597.0,"1094380249.5185546875",1072,48,-752
232922.0,"1094380249.528472900390625",1056,16,-672
233247.0,"1094380249.53839111328125",1056,64,-624
233572.0,"1094380249.548309326171875",896,80,-608
233897.25,"1094380249.5582275390625",912,96,-448
234222.5,"1094380249.568145751953125",912,272,-512
234547.75,"1094380249.57806396484375",736,128,-144
234873.0,"1094380249.5880126953125",736,144,608
235198.25,"1094380249.597930908203125",624,320,-80
235523.5,"1094380249.60784912109375",560,288,-288
235848.75,"1094380249.617767333984375",672,592,384
236174.0,"1094380249.627716064453125",800,384,-624
236499.25,"1094380249.63763427734375",672,160,112
236824.5,"1094380249.647552490234375",624,160,736
237149.75,"1094380249.657470703125",800,208,16
237475.0,"1094380249.66741943359375",800,144,-16
237800.25,"1094380249.677337646484375",1072,128,-704
238125.5,"1094380249.687255859375",1120,224,-784
238450.75,"1094380249.697174072265625",960,160,-576
238776.0,"1094380249.707122802734375",880,48,-608
239101.0,"1094380249.717041015625",976,112,-752
239426.0,"1094380249.726959228515625",1088,128,-656
239751.0,"1094380249.73687744140625",960,48,-800
240076.0,"1094380249.746795654296875",1040,128,-1408
240401.5,"1094380249.7567138671875",1040,112,-1152
240727.0,"1094380249.76666259765625",1024,-16,-960
241052.5,"1094380249.776580810546875",1008,64,-896
241378.0,"1094380249.786529541015625",960,64,-848
241703.25,"1094380249.79644775390625",1008,144,-800
242028.5,"1094380249.806365966796875",1008,192,-656
242353.75,"1094380249.8162841796875",960,240,-592
242679.0,"1094380249.82623291015625",944,256,-480
243004.25,"1094380249.836151123046875",960,320,-400
243329.5,"1094380249.8460693359375",976,464,-288
243654.75,"1094380249.855987548828125",912,480,-192
243980.0,"1094380249.865936279296875",864,464,-80
244305.25,"1094380249.8758544921875",416,384,-96
244630.5,"1094380249.885772705078125",864,480,-48
244955.75,"1094380249.89569091796875",832,512,32
245281.0,"1094380249.9056396484375",576,496,64
245606.5,"1094380249.915557861328125",592,512,96
245932.0,"1094380249.925506591796875",576,464,96
246257.5,"1094380249.9354248046875",592,432,80
246583.0,"1094380249.94537353515625",560,384,64
246908.25,"1094380249.955291748046875",560,368,32
247233.5,"1094380249.9652099609375",624,336,16
247558.75,"1094380249.975128173828125",688,272,-16
247884.0,"1094380249.985076904296875",736,256,-48
248209.25,"1094380249.9949951171875",768,240,-64
248534.5,"1094380250.004913330078125",848,224,-128
248859.75,"1094380250.01483154296875",864,192,-192
249185.0,"1094380250.0247802734375",928,176,-192
249510.25,"1094380250.034698486328125",960,160,-256
249835.5,"1094380250.04461669921875",992,128,-304
250160.75,"1094380250.054534912109375",1008,144,-336
250486.0,"1094380250.064483642578125",1056,160,-368
250811.25,"1094380250.07440185546875",1040,160,-416
251136.5,"1094380250.084320068359375",1056,144,-480
251461.75,"1094380250.09423828125",1056,112,-512
251787.0,"1094380250.10418701171875",1072,112,-592
252112.25,"1094380250.114105224609375",1056,144,-592
252437.5,"1094380250.1240234375",1056,144,-656
252762.75,"1094380250.133941650390625",1056,112,-688
253088.0,"1094380250.143890380859375",1040,112,-720
253413.25,"1094380250.15380859375",1056,128,-752
253738.5,"1094380250.163726806640625",1056,128,-768
254063.75,"1094380250.17364501953125",1056,128,-736
254389.0,"1094380250.18359375",1056,144,-752
254714.25,"1094380250.193511962890625",1040,160,-704
255039.5,"1094380250.20343017578125",1008,192,-656
255364.75,"1094380250.213348388671875",1008,224,-640
255690.0,"1094380250.223297119140625",992,224,-624
256015.25,"1094380250.23321533203125",992,288,-560
256340.5,"1094380250.243133544921875",960,320,-464
256665.75,"1094380250.2530517578125",976,336,-416
256991.0,"1094380250.26300048828125",960,352,-352
257316.25,"1094380250.272918701171875",944,400,-272
257641.5,"1094380250.2828369140625",928,400,-240
257966.75,"1094380250.292755126953125",944,448,-192
258292.0,"1094380250.302703857421875",864,448,-144
258617.25,"1094380250.3126220703125",832,464,-128
258942.5,"1094380250.322540283203125",800,496,-96
259267.75,"1094380250.33245849609375",800,480,-64
259593.0,"1094380250.3424072265625",720,496,-32
259918.0,"1094380250.352325439453125",656,496,-32
260243.0,"1094380250.36224365234375",608,496,0
260568.0,"1094380250.372161865234375",624,496,0
260893.0,"1094380250.382080078125",576,496,16
261218.25,"1094380250.391998291015625",544,480,16
261543.5,"1094380250.40191650390625",560,464,32
261868.75,"1094380250.411834716796875",512,464,32
262194.0,"1094380250.421783447265625",528,448,48
262519.25,"1094380250.43170166015625",528,400,64
262844.5,"1094380250.441619873046875",528,448,128
263169.75,"1094380250.4515380859375",624,448,32
263495.0,"1094380250.46148681640625",592,336,16
263820.5,"1094380250.471405029296875",624,304,0
264146.0,"1094380250.481353759765625",688,320,-32
264471.5,"1094380250.49127197265625",688,304,-48
264797.0,"1094380250.501220703125",816,272,-256
265122.0,"1094380250.511138916015625",896,240,-336
265447.0,"1094380250.52105712890625",880,256,-320
265772.0,"1094380250.530975341796875",864,272,-304
266097.0,"1094380250.5408935546875",880,288,-304
266422.5,"1094380250.550811767578125",880,288,-288
266748.0,"1094380250.560760498046875",880,272,-288
267073.5,"1094380250.5706787109375",928,288,-304
267399.0,"1094380250.58062744140625",880,320,-288
267724.25,"1094380250.590545654296875",864,304,-288
268049.5,"1094380250.6004638671875",880,288,-288
268374.75,"1094380250.610382080078125",880,288,-304
268700.0,"1094380250.620330810546875",880,288,-320
269025.25,"1094380250.6302490234375",880,272,-288
269350.5,"1094380250.640167236328125",880,288,-304
269675.75,"1094380250.65008544921875",864,288,-288
270001.0,"1094380250.6600341796875",880,288,-272
270326.25,"1094380250.669952392578125",880,288,-272
270651.5,"1094380250.67987060546875",864,304,-304
270976.75,"1094380250.689788818359375",864,288,-272
271302.0,"1094380250.699737548828125",864,304,-272
271627.0,"1094380250.70965576171875",880,304,-288
271952.0,"1094380250.719573974609375",896,304,-288
272277.0,"1094380250.7294921875",896,304,-272
272602.0,"1094380250.739410400390625",880,288,-288
272927.5,"1094380250.74932861328125",880,288,-272
273253.0,"1094380250.75927734375",864,288,-256
273578.5,"1094380250.769195556640625",880,288,-272
273904.0,"1094380250.779144287109375",880,304,-288
274229.25,"1094380250.7890625",864,336,-272
274554.5,"1094380250.798980712890625",864,336,-256
274879.75,"1094380250.80889892578125",880,320,-256
275205.0,"1094380250.81884765625",896,336,-160
275530.25,"1094380250.828765869140625",880,352,-320
275855.5,"1094380250.83868408203125",880,256,-352
276180.75,"1094380250.848602294921875",864,176,-320
276506.0,"1094380250.858551025390625",928,240,-352
276831.25,"1094380250.86846923828125",848,352,-320
277156.5,"1094380250.878387451171875",848,368,-320
277481.75,"1094380250.8883056640625",832,272,-352
277807.0,"1094380250.89825439453125",896,208,-304
278132.25,"1094380250.908172607421875",928,224,-240
278457.5,"1094380250.9180908203125",944,240,-288
278782.75,"1094380250.928009033203125",896,288,-256
279108.0,"1094380250.937957763671875",912,336,-240
279433.0,"1094380250.9478759765625",912,288,-240
279758.0,"1094380250.957794189453125",896,256,-240
280083.0,"1094380250.96771240234375",912,240,-224
280408.0,"1094380250.977630615234375",912,272,-192
280733.25,"1094380250.987548828125",912,288,-224
281058.5,"1094380250.997467041015625",912,288,-272
281383.75,"1094380251.00738525390625",912,288,-256
281709.0,"1094380251.017333984375",944,272,-208
282034.5,"1094380251.027252197265625",880,256,-304
282360.0,"1094380251.037200927734375",880,224,-304
282685.5,"1094380251.047119140625",944,288,-304
283011.0,"1094380251.05706787109375",912,336,-224
283336.0,"1094380251.066986083984375",928,320,-160
283661.0,"1094380251.076904296875",944,352,-176
283986.0,"1094380251.086822509765625",960,352,-144
284311.0,"1094380251.09674072265625",928,352,-160
284636.25,"1094380251.106658935546875",912,368,-128
284961.5,"1094380251.1165771484375",928,336,-320
285286.75,"1094380251.126495361328125",928,240,-336
285612.0,"1094380251.136444091796875",944,144,-432
285937.25,"1094380251.1463623046875",960,144,-368
286262.5,"1094380251.156280517578125",928,176,-368
286587.75,"1094380251.16619873046875",928,192,-368
286913.0,"1094380251.1761474609375",944,160,-352
287238.25,"1094380251.186065673828125",992,160,-352
287563.5,"1094380251.19598388671875",976,160,-368
287888.75,"1094380251.205902099609375",992,192,-384
288214.0,"1094380251.215850830078125",992,256,-336
288539.25,"1094380251.22576904296875",992,304,-368
288864.5,"1094380251.235687255859375",928,320,-448
289189.75,"1094380251.24560546875",944,320,-448
289515.0,"1094380251.25555419921875",816,336,-480
289840.25,"1094380251.265472412109375",800,336,-512
290165.5,"1094380251.275390625",800,224,-512
290490.75,"1094380251.285308837890625",736,160,-432
290816.0,"1094380251.295257568359375",816,-64,-288
291141.25,"1094380251.30517578125",864,-240,-336
291466.5,"1094380251.315093994140625",976,-48,-368
291791.75,"1094380251.32501220703125",896,336,-304
292117.0,"1094380251.3349609375",768,432,-320
292442.5,"1094380251.344879150390625",752,352,-272
292768.0,"1094380251.354827880859375",752,112,-208
293093.5,"1094380251.36474609375",800,-16,-192
293419.0,"1094380251.37469482421875",800,16,-160
293744.25,"1094380251.384613037109375",800,144,-128
294069.5,"1094380251.39453125",864,208,-112
294394.75,"1094380251.404449462890625",896,208,-96
294720.0,"1094380251.414398193359375",960,208,-160
295045.0,"1094380251.42431640625",896,256,-224
295370.0,"1094380251.434234619140625",752,384,-192
295695.0,"1094380251.44415283203125",608,496,-176
296020.0,"1094380251.454071044921875",480,624,-176
296345.25,"1094380251.4639892578125",336,688,-144
296670.5,"1094380251.473907470703125",208,336,-800
296995.75,"1094380251.48382568359375",1312,2816,-640
297321.0,"1094380251.4937744140625",240,2832,-240
297646.25,"1094380251.503692626953125",224,1008,144
297971.5,"1094380251.51361083984375",1568,-768,-16
298296.75,"1094380251.523529052734375",2048,-1248,-624
298622.0,"1094380251.533477783203125",1712,-80,-416
298947.25,"1094380251.54339599609375",640,816,-352
299272.5,"1094380251.553314208984375",496,640,-240
299597.75,"1094380251.563232421875",672,224,-464
299923.0,"1094380251.57318115234375",736,48,-448
300248.5,"1094380251.583099365234375",848,128,-416
300574.0,"1094380251.593048095703125",880,224,-352
300899.5,"1094380251.60296630859375",944,176,-384
301225.0,"1094380251.6129150390625",992,80,-384
301550.25,"1094380251.622833251953125",1024,176,-336
301875.5,"1094380251.63275146484375",960,304,-256
302200.75,"1094380251.642669677734375",864,336,-224
302526.0,"1094380251.652618408203125",864,304,-224
302851.25,"1094380251.66253662109375",896,288,-256
303176.5,"1094380251.672454833984375",928,304,-208
303501.75,"1094380251.682373046875",928,384,-240
303827.0,"1094380251.69232177734375",912,400,-144
304152.5,"1094380251.702239990234375",896,400,-176
304478.0,"1094380251.712188720703125",816,384,-240
304803.5,"1094380251.72210693359375",816,352,-288
305129.0,"1094380251.7320556640625",848,368,-336
305454.25,"1094380251.741973876953125",944,304,-320
305779.5,"1094380251.75189208984375",864,224,-320
306104.75,"1094380251.761810302734375",880,272,-352
306430.0,"1094380251.771759033203125",880,320,-336
306755.25,"1094380251.78167724609375",864,320,-288
307080.5,"1094380251.791595458984375",928,272,-320
307405.75,"1094380251.801513671875",976,288,-288
307731.0,"1094380251.81146240234375",944,288,-224
308056.5,"1094380251.821380615234375",864,272,-256
308382.0,"1094380251.831329345703125",800,224,-256
308707.5,"1094380251.84124755859375",928,272,-208
309033.0,"1094380251.8511962890625",896,288,-256
309358.25,"1094380251.861114501953125",896,288,-256
309683.5,"1094380251.87103271484375",896,256,-288
310008.75,"1094380251.880950927734375",896,224,-336
310334.0,"1094380251.890899658203125",896,192,-320
310659.25,"1094380251.90081787109375",880,192,-304
310984.5,"1094380251.910736083984375",944,224,-272
311309.75,"1094380251.920654296875",896,288,-272
311635.0,"1094380251.93060302734375",896,320,-240
311960.25,"1094380251.940521240234375",848,288,-192
312285.5,"1094380251.950439453125",912,336,-192
312610.75,"1094380251.960357666015625",912,352,-128
312936.0,"1094380251.970306396484375",928,368,-192
313261.25,"1094380251.980224609375",864,304,-256
313586.5,"1094380251.990142822265625",864,304,-240
313911.75,"1094380252.00006103515625",928,288,-256
314237.0,"1094380252.010009765625",896,304,-240
314562.5,"1094380252.019927978515625",896,288,-240
314888.0,"1094380252.029876708984375",864,368,-320
315213.5,"1094380252.039794921875",880,256,-208
315539.0,"1094380252.04974365234375",864,192,-288
315864.25,"1094380252.059661865234375",864,224,-304
316189.5,"1094380252.069580078125",928,368,-256
316514.75,"1094380252.079498291015625",944,304,-208
316840.0,"1094380252.089447021484375",912,240,-256
317165.25,"1094380252.099365234375",928,304,-224
317490.5,"1094380252.109283447265625",944,320,-224
317815.75,"1094380252.11920166015625",768,336,-240
318141.0,"1094380252.129150390625",944,192,-240
318466.25,"1094380252.139068603515625",976,288,-256
318791.5,"1094380252.14898681640625",880,288,-240
319116.75,"1094380252.158905029296875",928,320,-224
319442.0,"1094380252.168853759765625",864,384,-208
319767.25,"1094380252.17877197265625",864,352,-240
320092.5,"1094380252.188690185546875",880,352,-192
320417.75,"1094380252.1986083984375",896,336,-208
320743.0,"1094380252.20855712890625",912,352,-272
321068.25,"1094380252.218475341796875",848,288,-208
321393.5,"1094380252.2283935546875",816,336,-240
321718.75,"1094380252.238311767578125",816,304,-272
322044.0,"1094380252.248260498046875",864,336,-208
322369.25,"1094380252.2581787109375",912,272,-224
322694.5,"1094380252.268096923828125",1024,224,-240
323019.75,"1094380252.27801513671875",816,304,-320
323345.0,"1094380252.2879638671875",752,368,-320
323670.25,"1094380252.297882080078125",1264,256,-256
323995.5,"1094380252.30780029296875",800,256,-176
324320.75,"1094380252.317718505859375",800,320,-128
324646.0,"1094380252.327667236328125",880,448,-320
324971.25,"1094380252.33758544921875",912,480,-176
325296.5,"1094380252.347503662109375",800,272,-224
325621.75,"1094380252.357421875",880,288,-272
325947.0,"1094380252.36737060546875",832,208,-256
326272.0,"1094380252.377288818359375",384,-32,-256
326597.0,"1094380252.38720703125",1056,384,-64
326922.0,"1094380252.397125244140625",864,304,-304
327247.0,"1094380252.40704345703125",1136,48,-224
327572.5,"1094380252.416961669921875",864,304,-160
327898.0,"1094380252.426910400390625",944,288,-240
328223.5,"1094380252.43682861328125",800,288,-240
328549.0,"1094380252.44677734375",944,528,-240
328874.25,"1094380252.456695556640625",960,352,-304
329199.5,"1094380252.46661376953125",928,208,-192
329524.75,"1094380252.476531982421875",1008,224,-96
329850.0,"1094380252.486480712890625",1008,272,-112
330175.25,"1094380252.49639892578125",896,176,-128
330500.5,"1094380252.506317138671875",1072,48,-192
330825.75,"1094380252.5162353515625",608,256,-304
331151.0,"1094380252.52618408203125",784,288,-224
331476.25,"1094380252.536102294921875",880,112,-176
331801.5,"1094380252.5460205078125",2240,-48,-256
332126.75,"1094380252.555938720703125",848,560,-240
332452.0,"1094380252.565887451171875",672,224,-256
332777.25,"1094380252.5758056640625",1008,128,-192
333102.5,"1094380252.585723876953125",896,208,-192
333427.75,"1094380252.59564208984375",912,272,-176
333753.0,"1094380252.6055908203125",848,304,-256
334078.0,"1094380252.615509033203125",864,192,-176
334403.0,"1094380252.62542724609375",928,192,-240
334728.0,"1094380252.635345458984375",1120,112,-224
335053.0,"1094380252.645263671875",1056,304,-144
335378.5,"1094380252.655181884765625",944,240,-192
335704.0,"1094380252.665130615234375",864,208,-208
336029.5,"1094380252.675048828125",720,128,-128
336355.0,"1094380252.68499755859375",848,192,-208
336680.25,"1094380252.694915771484375",848,208,-256
337005.5,"1094380252.704833984375",864,240,-224
337330.75,"1094380252.714752197265625",880,288,-240
337656.0,"1094380252.724700927734375",928,256,-272
337981.25,"1094380252.734619140625",976,256,-240
338306.5,"1094380252.744537353515625",960,272,-192
338631.75,"1094380252.75445556640625",976,208,-208
338957.0,"1094380252.764404296875",976,240,-224
339282.0,"1094380252.774322509765625",880,240,-176
339607.0,"1094380252.78424072265625",944,256,-192
339932.0,"1094380252.794158935546875",864,256,-224
340257.0,"1094380252.8040771484375",864,208,-144
340582.25,"1094380252.813995361328125",992,96,-176
340907.5,"1094380252.82391357421875",864,272,-288
341232.75,"1094380252.833831787109375",944,272,-192
341558.0,"1094380252.843780517578125",880,272,-208
341883.25,"1094380252.85369873046875",880,208,-304
342208.5,"1094380252.863616943359375",912,224,-160
342533.75,"1094380252.87353515625",624,352,-96
342859.0,"1094380252.88348388671875",992,240,-304
343184.25,"1094380252.893402099609375",928,192,-192
343509.5,"1094380252.9033203125",928,192,-272
343834.75,"1094380252.913238525390625",800,288,-272
344160.0,"1094380252.923187255859375",880,208,-256
344485.5,"1094380252.93310546875",1120,192,-192
344811.0,"1094380252.94305419921875",1264,160,-208
345136.5,"1094380252.952972412109375",928,288,-288
345462.0,"1094380252.962921142578125",624,256,-464
345787.25,"1094380252.97283935546875",912,0,-304
346112.5,"1094380252.982757568359375",1088,208,80
346437.75,"1094380252.99267578125",1008,336,-304
346763.0,"1094380253.00262451171875",928,192,-272
347088.25,"1094380253.012542724609375",896,160,-224
347413.5,"1094380253.0224609375",800,352,-288
347738.75,"1094380253.032379150390625",992,192,-192
348064.0,"1094380253.042327880859375",928,304,-192
348389.25,"1094380253.05224609375",896,224,-304
348714.5,"1094380253.062164306640625",800,144,-224
349039.75,"1094380253.07208251953125",880,160,-256
349365.0,"1094380253.08203125",928,240,-208
349690.0,"1094380253.091949462890625",928,224,-224
350015.0,"1094380253.10186767578125",944,192,-224
350340.0,"1094380253.111785888671875",992,192,-256
350665.0,"1094380253.1217041015625",912,224,-272
350990.25,"1094380253.131622314453125",976,240,-208
351315.5,"1094380253.14154052734375",992,256,-96
351640.75,"1094380253.151458740234375",1008,240,-240
351966.0,"1094380253.161407470703125",944,224,-224
352291.0,"1094380253.17132568359375",960,208,-272
352616.0,"1094380253.181243896484375",1024,224,-304
352941.0,"1094380253.191162109375",1120,176,-224
353266.0,"1094380253.201080322265625",992,240,-96
353591.75,"1094380253.21099853515625",960,240,-288
353917.5,"1094380253.220947265625",512,320,-272
354243.25,"1094380253.23089599609375",832,192,-224
354569.0,"1094380253.2408447265625",992,176,-208
354894.25,"1094380253.250762939453125",752,80,-208
355219.5,"1094380253.26068115234375",416,1312,-1936
355544.75,"1094380253.270599365234375",736,624,16
355870.0,"1094380253.280548095703125",688,448,-336
356195.25,"1094380253.29046630859375",960,-272,768
356520.5,"1094380253.300384521484375",1056,112,-848
356845.75,"1094380253.310302734375",1184,416,-144
357171.0,"1094380253.32025146484375",944,288,-176
357496.25,"1094380253.330169677734375",864,32,-176
357821.5,"1094380253.340087890625",928,128,-144
358146.75,"1094380253.350006103515625",1312,640,-1152
358472.0,"1094380253.359954833984375",800,688,-64
358797.0,"1094380253.369873046875",640,-224,80
359122.0,"1094380253.379791259765625",976,-96,-368
359447.0,"1094380253.38970947265625",928,208,-192
359772.0,"1094380253.399627685546875",992,288,-272
360097.25,"1094380253.4095458984375",864,256,-288
360422.5,"1094380253.419464111328125",960,-416,-1344
360747.75,"1094380253.42938232421875",1104,352,-304
361073.0,"1094380253.4393310546875",992,464,-208
361398.25,"1094380253.449249267578125",672,208,-160
361723.5,"1094380253.45916748046875",736,784,-304
362048.75,"1094380253.469085693359375",752,176,-176
362374.0,"1094380253.479034423828125",624,240,-272
362699.5,"1094380253.48895263671875",832,224,-416
363025.0,"1094380253.4989013671875",768,-48,-400
363350.5,"1094380253.508819580078125",1056,288,-464
363676.0,"1094380253.518768310546875",880,416,-432
364001.25,"1094380253.5286865234375",880,304,-624
364326.5,"1094380253.538604736328125",1328,304,16
364651.75,"1094380253.54852294921875",1248,240,-304
364977.0,"1094380253.5584716796875",752,224,-304
365302.25,"1094380253.568389892578125",768,224,-288
365627.5,"1094380253.57830810546875",976,272,-288
365952.75,"1094380253.588226318359375",1088,320,-352
366278.0,"1094380253.598175048828125",1056,368,-336
366603.25,"1094380253.60809326171875",832,368,-352
366928.5,"1094380253.618011474609375",544,224,-192
367253.75,"1094380253.6279296875",544,-32,-272
367579.0,"1094380253.63787841796875",688,176,-304
367904.0,"1094380253.647796630859375",976,256,-400
368229.0,"1094380253.65771484375",2224,112,-448
368554.0,"1094380253.667633056640625",1072,576,-416
368879.0,"1094380253.67755126953125",736,544,-272
369204.25,"1094380253.687469482421875",800,544,-336
369529.5,"1094380253.6973876953125",992,592,-272
369854.75,"1094380253.707305908203125",736,512,-48
370180.0,"1094380253.717254638671875",672,544,-144
370505.0,"1094380253.7271728515625",656,480,-192
370830.0,"1094380253.737091064453125",944,544,-288
371155.0,"1094380253.74700927734375",816,480,-272
371480.0,"1094380253.756927490234375",864,576,-320
371805.5,"1094380253.766845703125",944,560,-448
372131.0,"1094380253.77679443359375",928,512,-336
372456.5,"1094380253.786712646484375",928,272,-192
372782.0,"1094380253.796661376953125",816,416,-192
373107.25,"1094380253.80657958984375",592,672,-224
373432.5,"1094380253.816497802734375",576,496,-240
373757.75,"1094380253.826416015625",656,512,-288
374083.0,"1094380253.83636474609375",784,432,-272
374408.25,"1094380253.846282958984375",720,464,-144
374733.5,"1094380253.856201171875",576,496,-208
375058.75,"1094380253.866119384765625",688,480,-336
375384.0,"1094380253.876068115234375",688,544,-384
375709.25,"1094380253.885986328125",656,624,-208
376034.5,"1094380253.895904541015625",672,720,-144
376359.75,"1094380253.90582275390625",688,688,-64
376685.0,"1094380253.915771484375",752,576,-240
377010.25,"1094380253.925689697265625",880,576,-304
377335.5,"1094380253.93560791015625",928,560,-176
377660.75,"1094380253.945526123046875",928,384,-704
377986.0,"1094380253.955474853515625",880,576,-176
378311.25,"1094380253.96539306640625",464,448,-208
378636.5,"1094380253.975311279296875",736,576,-176
378961.75,"1094380253.9852294921875",880,480,-416
379287.0,"1094380253.99517822265625",752,560,-336
379612.0,"1094380254.005096435546875",672,672,-288
379937.0,"1094380254.0150146484375",688,672,-368
380262.0,"1094380254.024932861328125",480,752,-400
380587.0,"1094380254.03485107421875",688,672,-448
380912.75,"1094380254.044769287109375",640,592,-368
381238.5,"1094380254.054718017578125",592,560,-320
381564.25,"1094380254.064666748046875",688,528,-160
381890.0,"1094380254.074615478515625",736,592,-256
382215.25,"1094380254.08453369140625",672,608,-144
382540.5,"1094380254.094451904296875",624,656,-176
382865.75,"1094380254.1043701171875",624,640,-224
383191.0,"1094380254.11431884765625",672,576,-320
383516.25,"1094380254.124237060546875",944,704,-272
383841.5,"1094380254.1341552734375",1104,672,-320
384166.75,"1094380254.144073486328125",1072,720,-352
384492.0,"1094380254.154022216796875",928,640,-416
384817.25,"1094380254.1639404296875",800,608,-432
385142.5,"1094380254.173858642578125",800,480,-368
385467.75,"1094380254.18377685546875",640,432,-96
385793.0,"1094380254.1937255859375",464,640,-304
386118.25,"1094380254.203643798828125",624,720,-368
386443.5,"1094380254.21356201171875",608,624,-224
386768.75,"1094380254.223480224609375",496,544,-288
387094.0,"1094380254.233428955078125",672,448,-128
387419.25,"1094380254.24334716796875",672,528,-160
387744.5,"1094380254.253265380859375",608,560,-368
388069.75,"1094380254.26318359375",592,672,-416
388395.0,"1094380254.27313232421875",880,800,-624
388720.5,"1094380254.283050537109375",864,624,-944
389046.0,"1094380254.292999267578125",752,496,-960
389371.5,"1094380254.30291748046875",944,416,-608
389697.0,"1094380254.3128662109375",992,368,-160
390022.25,"1094380254.322784423828125",784,256,64
390347.5,"1094380254.33270263671875",416,464,0
390672.75,"1094380254.342620849609375",672,688,-112
390998.0,"1094380254.352569580078125",608,784,-224
391323.0,"1094380254.36248779296875",608,816,-368
391648.0,"1094380254.372406005859375",624,784,-720
391973.0,"1094380254.38232421875",480,688,-1200
392298.0,"1094380254.392242431640625",576,784,-1040
392623.25,"1094380254.40216064453125",928,720,-480
392948.5,"1094380254.412078857421875",928,448,32
393273.75,"1094380254.4219970703125",592,288,0
393599.0,"1094380254.43194580078125",560,528,-128
393924.25,"1094380254.441864013671875",752,928,-208
394249.5,"1094380254.4517822265625",800,1008,-32
394574.75,"1094380254.461700439453125",672,944,-16
394900.0,"1094380254.471649169921875",400,784,-16
395225.25,"1094380254.4815673828125",224,800,-144
395550.5,"1094380254.491485595703125",416,736,-320
395875.75,"1094380254.50140380859375",560,768,-224
396201.0,"1094380254.5113525390625",640,928,-240
396526.0,"1094380254.521270751953125",528,960,-608
396851.0,"1094380254.53118896484375",192,752,-736
397176.0,"1094380254.541107177734375",-2192,-96,-2000
397501.0,"1094380254.551025390625",-1232,3104,-848
397826.5,"1094380254.560943603515625",384,1664,-1376
398152.0,"1094380254.570892333984375",1264,720,-192
398477.5,"1094380254.580810546875",2016,-208,1808
398803.0,"1094380254.59075927734375",2272,-192,1136
399128.0,"1094380254.600677490234375",1584,-368,1520
399453.0,"1094380254.610595703125",-32,48,-176
399778.0,"1094380254.620513916015625",-816,576,-1200
400103.0,"1094380254.63043212890625",64,832,-912
400428.25,"1094380254.640350341796875",880,928,-448
400753.5,"1094380254.6502685546875",992,1840,-384
401078.75,"1094380254.660186767578125",1824,464,688
401404.0,"1094380254.670135498046875",1136,1296,-48
401729.25,"1094380254.6800537109375",1312,1216,272
402054.5,"1094380254.689971923828125",928,208,96
402379.75,"1094380254.69989013671875",160,1248,-528
402705.0,"1094380254.7098388671875",816,928,-176
403030.25,"1094380254.719757080078125",928,1520,-416
403355.5,"1094380254.72967529296875",1072,1136,-432
403680.75,"1094380254.739593505859375",816,1040,-672
404006.0,"1094380254.749542236328125",528,1248,-576
404331.25,"1094380254.75946044921875",640,1232,-448
404656.5,"1094380254.769378662109375",800,1232,-288
404981.75,"1094380254.779296875",880,1136,-272
405307.0,"1094380254.78924560546875",880,1152,-384
405631.75,"1094380254.79913330078125",800,1024,-336
405956.5,"1094380254.809051513671875",608,832,-384
406281.25,"1094380254.8189697265625",320,736,-448
406606.0,"1094380254.828887939453125",368,480,-352
406931.5,"1094380254.83880615234375",272,384,-416
407257.0,"1094380254.8487548828125",208,352,-464
407582.5,"1094380254.858673095703125",352,464,-528
407908.0,"1094380254.868621826171875",624,464,-528
408233.25,"1094380254.8785400390625",1136,752,-448
408558.5,"1094380254.888458251953125",1392,608,-336
408883.75,"1094380254.89837646484375",864,592,-704
409209.0,"1094380254.9083251953125",480,592,-880
409534.25,"1094380254.918243408203125",336,32,-528
409859.5,"1094380254.92816162109375",-128,272,-960
410184.75,"1094380254.938079833984375",-32,608,-1056
410510.0,"1094380254.948028564453125",432,816,-992
410835.25,"1094380254.95794677734375",432,880,-1056
411160.5,"1094380254.967864990234375",544,912,-1040
411485.75,"1094380254.977783203125",864,800,-816
411811.0,"1094380254.98773193359375",752,656,-752
412136.25,"1094380254.997650146484375",528,496,-800
412461.5,"1094380255.007568359375",176,336,-800
412786.75,"1094380255.017486572265625",96,224,-752
413112.0,"1094380255.027435302734375",-96,96,-720
413437.25,"1094380255.037353515625",-144,16,-752
413762.5,"1094380255.047271728515625",-80,80,-704
414087.75,"1094380255.05718994140625",64,-112,-736
414413.0,"1094380255.067138671875",560,592,-880
414738.25,"1094380255.077056884765625",768,608,-736
415063.5,"1094380255.08697509765625",672,832,-320
415388.75,"1094380255.096893310546875",224,480,-528
415714.0,"1094380255.106842041015625",112,496,-112
416039.75,"1094380255.11676025390625",-128,-32,-272
416365.5,"1094380255.126708984375",-416,0,-896
416691.25,"1094380255.13665771484375",-608,416,-640
417017.0,"1094380255.1466064453125",-592,336,-656
417342.25,"1094380255.156524658203125",0,448,-704
417667.5,"1094380255.16644287109375",256,416,-992
417992.75,"1094380255.176361083984375",288,592,-1280
418318.0,"1094380255.186309814453125",-16,256,-1584
418643.25,"1094380255.19622802734375",-384,1088,-1696
418968.5,"1094380255.206146240234375",-240,-32,-1216
419293.75,"1094380255.216064453125",272,304,-1008
419619.0,"1094380255.22601318359375",240,32,-1008
419944.0,"1094380255.235931396484375",48,32,-1040
420269.0,"1094380255.245849609375",32,-16,-1088
420594.0,"1094380255.255767822265625",-96,32,-1024
420919.0,"1094380255.26568603515625",-144,48,-1200
421244.5,"1094380255.275604248046875",-144,-128,-992
421570.0,"1094380255.285552978515625",-400,16,-1440
421895.5,"1094380255.29547119140625",-352,-224,-1456
422221.0,"1094380255.305419921875",-736,-32,-1632
422546.25,"1094380255.315338134765625",-480,240,-1504
422871.5,"1094380255.32525634765625",-80,-96,-1312
423196.75,"1094380255.335174560546875",-32,224,-1168
423522.0,"1094380255.345123291015625",224,368,-1040
423847.25,"1094380255.35504150390625",384,640,-960
424172.5,"1094380255.364959716796875",528,304,-768
424497.75,"1094380255.3748779296875",144,96,-752
424823.0,"1094380255.38482666015625",336,80,-608
425148.25,"1094380255.394744873046875",144,112,-496
425473.5,"1094380255.4046630859375",-48,192,-944
425798.75,"1094380255.414581298828125",32,-32,-1440
426124.0,"1094380255.424530029296875",432,-448,-1136
426449.25,"1094380255.4344482421875",-112,16,-848
426774.5,"1094380255.444366455078125",-544,560,-848
427099.75,"1094380255.45428466796875",-784,480,-736
427425.0,"1094380255.4642333984375",-144,304,-672
427750.25,"1094380255.474151611328125",160,352,-480
428075.5,"1094380255.48406982421875",112,208,-528
428400.75,"1094380255.493988037109375",-144,32,-688
428726.0,"1094380255.503936767578125",-240,0,-880
429051.25,"1094380255.51385498046875",-96,-16,-1152
429376.5,"1094380255.523773193359375",112,-128,-1216
429701.75,"1094380255.53369140625",112,-160,-768
430027.0,"1094380255.54364013671875",32,-176,-704
430352.25,"1094380255.553558349609375",-192,-144,-480
430677.5,"1094380255.5634765625",-224,-64,-240
431002.75,"1094380255.573394775390625",-288,48,-128
431328.0,"1094380255.583343505859375",-288,-16,-320
431653.25,"1094380255.59326171875",-256,-80,-800
431978.5,"1094380255.603179931640625",-352,-32,-800
432303.75,"1094380255.61309814453125",-144,-32,-720
432629.0,"1094380255.623046875",-80,-144,-944
432954.25,"1094380255.632965087890625",-544,16,-560
433279.5,"1094380255.64288330078125",-48,-192,-704
433604.75,"1094380255.652801513671875",-112,-496,-1088
433930.0,"1094380255.662750244140625",-16,-624,-688
434255.25,"1094380255.67266845703125",-80,-512,-880
434580.5,"1094380255.682586669921875",-272,-256,-816
434905.75,"1094380255.6925048828125",-336,-160,-592
435231.0,"1094380255.70245361328125",-416,0,-592
435556.5,"1094380255.712371826171875",-384,-144,-704
435882.0,"1094380255.722320556640625",-288,-400,-1104
436207.5,"1094380255.73223876953125",-272,-368,-1056
436533.0,"1094380255.7421875",-432,-368,-464
436858.25,"1094380255.752105712890625",-416,-480,-688
437183.5,"1094380255.76202392578125",-208,-336,-880
437508.75,"1094380255.771942138671875",-256,-288,-720
437834.0,"1094380255.781890869140625",-400,-128,-944
438159.5,"1094380255.79180908203125",-48,-432,-880
438485.0,"1094380255.8017578125",-352,416,416
438810.5,"1094380255.811676025390625",-400,-352,-624
439136.0,"1094380255.821624755859375",-720,-144,-640
439461.25,"1094380255.83154296875",-352,32,-480
439786.5,"1094380255.841461181640625",-736,-320,-1072
440111.75,"1094380255.85137939453125",-224,-208,-800
440437.0,"1094380255.861328125",-416,-256,-688
440762.5,"1094380255.871246337890625",-368,-256,-816
441088.0,"1094380255.881195068359375",-240,-256,-704
441413.5,"1094380255.89111328125",-272,-176,-576
441739.0,"1094380255.90106201171875",-208,-80,-688
442064.0,"1094380255.910980224609375",-240,-48,-832
442389.0,"1094380255.9208984375",-224,-96,-944
442714.0,"1094380255.930816650390625",-144,-144,-928
443039.0,"1094380255.94073486328125",-400,-224,-896
443364.5,"1094380255.950653076171875",-416,-288,-992
443690.0,"1094380255.960601806640625",-208,-240,-944
444015.5,"1094380255.97052001953125",-128,-144,-864
444341.0,"1094380255.98046875",-176,-80,-736
444666.25,"1094380255.990386962890625",-352,-144,-784
444991.5,"1094380256.00030517578125",-272,-224,-768
445316.75,"1094380256.010223388671875",-288,-304,-784
445642.0,"1094380256.020172119140625",-208,-320,-832
445967.25,"1094380256.03009033203125",-272,-320,-832
446292.5,"1094380256.040008544921875",-464,-304,-736
446617.75,"1094380256.0499267578125",-32,-192,-896
446943.0,"1094380256.05987548828125",-112,-112,-768
447268.0,"1094380256.069793701171875",-112,-64,-704
447593.0,"1094380256.0797119140625",-128,-192,-672
447918.0,"1094380256.089630126953125",-288,-128,-752
448243.0,"1094380256.09954833984375",-208,-240,-784
448568.5,"1094380256.109466552734375",-336,-320,-816
448894.0,"1094380256.119415283203125",-368,-352,-816
449219.5,"1094380256.12933349609375",-336,-368,-848
449545.0,"1094380256.1392822265625",-288,-352,-896
449870.0,"1094380256.149200439453125",-336,-288,-832
450195.0,"1094380256.15911865234375",-400,-272,-832
450520.0,"1094380256.169036865234375",-352,-160,-832
450845.0,"1094380256.178955078125",-336,-144,-768
451170.5,"1094380256.188873291015625",-272,-144,-800
451496.0,"1094380256.198822021484375",-160,-176,-896
451821.5,"1094380256.208740234375",-256,-192,-720
452147.0,"1094380256.21868896484375",-304,-224,-672
452472.5,"1094380256.228607177734375",-384,-240,-672
452798.0,"1094380256.238555908203125",-448,-288,-832
453123.5,"1094380256.24847412109375",-416,-352,-1024
453449.0,"1094380256.2584228515625",-272,-320,-1136
453774.25,"1094380256.268341064453125",-224,-320,-976
454099.5,"1094380256.27825927734375",-288,-320,-928
454424.75,"1094380256.288177490234375",-288,-336,-816
454750.0,"1094380256.298126220703125",-208,-256,-736
455075.25,"1094380256.30804443359375",-240,-224,-720
455400.5,"1094380256.317962646484375",-224,-176,-768
455725.75,"1094380256.327880859375",-208,-176,-960
456051.0,"1094380256.33782958984375",-368,-272,-1088
456376.25,"1094380256.347747802734375",-400,-368,-1072
456701.5,"1094380256.357666015625",-336,-352,-992
457026.75,"1094380256.367584228515625",-416,-352,-848
457352.0,"1094380256.377532958984375",-352,-304,-784
457677.25,"1094380256.387451171875",-368,-272,-656
458002.5,"1094380256.397369384765625",-384,-256,-640
458327.75,"1094380256.40728759765625",-368,-272,-736
458653.0,"1094380256.417236328125",-352,-288,-944
458978.25,"1094380256.427154541015625",-368,-304,-1072
459303.5,"1094380256.43707275390625",-496,-336,-960
459628.75,"1094380256.446990966796875",-432,-368,-960
459954.0,"1094380256.456939697265625",-304,-352,-928
460279.25,"1094380256.46685791015625",-288,-288,-816
460604.5,"1094380256.476776123046875",-336,-240,-848
460929.75,"1094380256.4866943359375",-400,-240,-784
461255.0,"1094380256.49664306640625",-480,-272,-832
461580.25,"1094380256.506561279296875",-544,-272,-864
461905.5,"1094380256.5164794921875",-336,-304,-944
462230.75,"1094380256.526397705078125",-240,-288,-944
462556.0,"1094380256.536346435546875",-176,-256,-928
462881.25,"1094380256.5462646484375",-304,-208,-656
463206.5,"1094380256.556182861328125",-432,-416,-656
463531.75,"1094380256.56610107421875",-416,-416,-656
463857.0,"1094380256.5760498046875",-416,-336,-688
464182.25,"1094380256.585968017578125",-448,-336,-624
464507.5,"1094380256.59588623046875",-432,-272,-624
464832.75,"1094380256.605804443359375",-528,-240,-560
465158.0,"1094380256.615753173828125",-352,-320,-688
465483.25,"1094380256.62567138671875",-432,-272,-816
465808.5,"1094380256.635589599609375",-368,-224,-976
466133.75,"1094380256.6455078125",-384,-208,-928
466459.0,"1094380256.65545654296875",-464,-240,-912
466784.25,"1094380256.665374755859375",-480,-272,-896
467109.5,"1094380256.67529296875",-400,-304,-832
467434.75,"1094380256.685211181640625",-464,-256,-784
467760.0,"1094380256.695159912109375",-464,-272,-832
468085.25,"1094380256.705078125",-368,-256,-928
468410.5,"1094380256.714996337890625",-352,-288,-944
468735.75,"1094380256.72491455078125",-272,-304,-1024
469061.0,"1094380256.73486328125",-352,-336,-880
469386.25,"1094380256.744781494140625",-432,-368,-816
469711.5,"1094380256.75469970703125",-464,-320,-800
470036.75,"1094380256.764617919921875",-480,-288,-832
470362.0,"1094380256.774566650390625",-576,-224,-720
470687.25,"1094380256.78448486328125",-464,-192,-848
471012.5,"1094380256.794403076171875",-416,-224,-816
471337.75,"1094380256.8043212890625",-96,-96,-752
471663.0,"1094380256.81427001953125",-368,-144,-912
471988.25,"1094380256.824188232421875",-400,-352,-928
472313.5,"1094380256.8341064453125",-400,-400,-992
472638.75,"1094380256.844024658203125",-336,-416,-832
472964.0,"1094380256.853973388671875",-336,-400,-832
473289.25,"1094380256.8638916015625",-304,-400,-896
473614.5,"1094380256.873809814453125",-288,-352,-896
473939.75,"1094380256.88372802734375",-288,-288,-912
474265.0,"1094380256.8936767578125",-224,-224,-896
474590.25,"1094380256.903594970703125",-288,-224,-848
474915.5,"1094380256.91351318359375",-352,-224,-784
475240.75,"1094380256.923431396484375",-416,-272,-736
475566.0,"1094380256.933380126953125",-336,-304,-816
475891.0,"1094380256.94329833984375",-368,-288,-832
476216.0,"1094380256.953216552734375",-384,-160,-768
476541.0,"1094380256.963134765625",-336,-176,-832
476866.0,"1094380256.973052978515625",-336,-176,-848
477191.5,"1094380256.98297119140625",-352,-208,-880
477517.0,"1094380256.992919921875",-288,-208,-880
477842.5,"1094380257.002838134765625",-304,-272,-896
478168.0,"1094380257.012786865234375",-384,-352,-928
478493.25,"1094380257.022705078125",-400,-352,-912
478818.5,"1094380257.032623291015625",-352,-320,-832
479143.75,"1094380257.04254150390625",-368,-288,-848
479469.0,"1094380257.052490234375",-384,-256,-848
479794.25,"1094380257.062408447265625",-400,-224,-816
480119.5,"1094380257.07232666015625",-416,-240,-768
480444.75,"1094380257.082244873046875",-400,-256,-784
480770.0,"1094380257.092193603515625",-352,-256,-816
481095.25,"1094380257.10211181640625",-400,-288,-880
481420.5,"1094380257.112030029296875",-400,-320,-848
481745.75,"1094380257.1219482421875",-336,-320,-896
482071.0,"1094380257.13189697265625",-400,-304,-880
482396.25,"1094380257.141815185546875",-400,-224,-832
482721.5,"1094380257.1517333984375",-400,-208,-848
483046.75,"1094380257.161651611328125",-384,-240,-848
483372.0,"1094380257.171600341796875",-432,-288,-864
483697.25,"1094380257.1815185546875",-416,-304,-864
484022.5,"1094380257.191436767578125",-416,-320,-864
484347.75,"1094380257.20135498046875",-416,-336,-848
484673.0,"1094380257.2113037109375",-416,-336,-848
484998.25,"1094380257.221221923828125",-400,-336,-880
485323.5,"1094380257.23114013671875",-352,-288,-912
485648.75,"1094380257.241058349609375",-384,-304,-928
485974.0,"1094380257.251007080078125",-416,-288,-864
486299.25,"1094380257.26092529296875",-400,-304,-816
486624.5,"1094380257.270843505859375",-400,-336,-816
486949.75,"1094380257.28076171875",-416,-336,-816
487275.0,"1094380257.29071044921875",-384,-304,-800
487600.5,"1094380257.300628662109375",-352,-240,-848
487926.0,"1094380257.310577392578125",-336,-256,-880
488251.5,"1094380257.32049560546875",-352,-240,-864
488577.0,"1094380257.3304443359375",-336,-304,-896
488902.25,"1094380257.340362548828125",-400,-304,-864
489227.5,"1094380257.35028076171875",-352,-304,-864
489552.75,"1094380257.360198974609375",-336,-320,-832
489878.0,"1094380257.370147705078125",-368,-336,-832
490203.25,"1094380257.38006591796875",-384,-336,-816
490528.5,"1094380257.389984130859375",-384,-320,-816
490853.75,"1094380257.39990234375",-384,-320,-832
491179.0,"1094380257.40985107421875",-416,-304,-848
491504.25,"1094380257.419769287109375",-400,-320,-848
491829.5,"1094380257.4296875",-352,-352,-880
492154.75,"1094380257.439605712890625",-400,-304,-848
492480.0,"1094380257.449554443359375",-352,-304,-816
492805.25,"1094380257.45947265625",-384,-304,-768
493130.5,"1094380257.469390869140625",-368,-336,-784
493455.75,"1094380257.47930908203125",-432,-336,-864
493781.0,"1094380257.4892578125",-432,-336,-912
494106.25,"1094380257.499176025390625",-464,-304,-896
494431.5,"1094380257.50909423828125",-400,-272,-928
494756.75,"1094380257.519012451171875",-336,-208,-928
495082.0,"1094380257.528961181640625",-368,-224,-944
495407.25,"1094380257.53887939453125",-416,-240,-832
495732.5,"1094380257.548797607421875",-528,-272,-640
496057.75,"1094380257.5587158203125",-336,-304,-608
496383.0,"1094380257.56866455078125",-368,-352,-640
496708.25,"1094380257.578582763671875",-400,-336,-800
497033.5,"1094380257.5885009765625",-352,-320,-896
497358.75,"1094380257.598419189453125",-384,-304,-960
497684.0,"1094380257.608367919921875",-336,-288,-976
498009.25,"1094380257.6182861328125",-368,-288,-944
498334.5,"1094380257.628204345703125",-384,-272,-880
498659.75,"1094380257.63812255859375",-352,-288,-816
498985.0,"1094380257.6480712890625",-400,-288,-752
499310.5,"1094380257.657989501953125",-416,-320,-720
499636.0,"1094380257.667938232421875",-400,-352,-768
499961.5,"1094380257.6778564453125",-416,-336,-800
500287.0,"1094380257.68780517578125",-352,-288,-784
500612.0,"1094380257.697723388671875",-400,-272,-784
500937.0,"1094380257.7076416015625",-336,-304,-832
501262.0,"1094380257.717559814453125",-368,-304,-880
501587.0,"1094380257.72747802734375",-320,-288,-864
501912.5,"1094380257.737396240234375",-400,-320,-800
502238.0,"1094380257.747344970703125",-352,-352,-768
502563.5,"1094380257.75726318359375",-352,-304,-784
502889.0,"1094380257.7672119140625",-288,-304,-816
503214.5,"1094380257.777130126953125",-368,-224,-768
503540.0,"1094380257.787078857421875",-448,-288,-688
503865.5,"1094380257.7969970703125",-416,-336,-704
504191.0,"1094380257.80694580078125",-416,-336,-736
504516.5,"1094380257.816864013671875",-432,-352,-768
504842.0,"1094380257.826812744140625",-400,-336,-816
505167.5,"1094380257.83673095703125",-272,-256,-688
505493.0,"1094380257.8466796875",-272,-352,-752
505818.0,"1094380257.856597900390625",-368,-400,-800
506143.0,"1094380257.86651611328125",-560,-416,-928
506468.0,"1094380257.876434326171875",-592,-416,-912
506793.0,"1094380257.8863525390625",-656,-448,-768
507118.25,"1094380257.896270751953125",-560,-448,-800
507443.5,"1094380257.90618896484375",-512,-384,-832
507768.75,"1094380257.916107177734375",-480,-336,-848
508094.0,"1094380257.926055908203125",-480,-304,-864
508419.25,"1094380257.93597412109375",-464,-304,-832
508744.5,"1094380257.945892333984375",-480,-256,-784
509069.75,"1094380257.955810546875",-480,-336,-848
509395.0,"1094380257.96575927734375",-480,-384,-896
509720.25,"1094380257.975677490234375",-496,-400,-880
510045.5,"1094380257.985595703125",-400,-368,-896
510370.75,"1094380257.995513916015625",-416,-400,-928
510696.0,"1094380258.005462646484375",-400,-400,-960
511021.0,"1094380258.015380859375",-432,-400,-992
511346.0,"1094380258.025299072265625",-544,-352,-976
511671.0,"1094380258.03521728515625",-480,-368,-944
511996.0,"1094380258.045135498046875",-480,-352,-864
512321.25,"1094380258.0550537109375",-448,-320,-800
512646.5,"1094380258.064971923828125",-384,-240,-704
512971.75,"1094380258.07489013671875",-352,-240,-688
513297.0,"1094380258.0848388671875",-784,96,-416
513622.0,"1094380258.094757080078125",-528,-288,-768
513947.0,"1094380258.10467529296875",-400,-336,-880
514272.0,"1094380258.114593505859375",-464,-304,-928
514597.0,"1094380258.12451171875",-336,-288,-928
514922.25,"1094380258.134429931640625",-320,-288,-832
515247.5,"1094380258.14434814453125",-352,-320,-816
515572.75,"1094380258.154266357421875",-352,-400,-800
515898.0,"1094380258.164215087890625",-224,-288,-816
516223.25,"1094380258.17413330078125",-288,-240,-784
516548.5,"1094380258.184051513671875",-320,-288,-784
516873.75,"1094380258.1939697265625",-384,-336,-832
517199.0,"1094380258.20391845703125",-384,-320,-816
517524.25,"1094380258.213836669921875",-416,-320,-848
517849.5,"1094380258.2237548828125",-352,-304,-864
518174.75,"1094380258.233673095703125",-400,-304,-832
518500.0,"1094380258.243621826171875",-352,-304,-800
518825.25,"1094380258.2535400390625",-400,-304,-784
519150.5,"1094380258.263458251953125",-352,-320,-880
519475.75,"1094380258.27337646484375",-384,-304,-880
519801.0,"1094380258.2833251953125",-432,-304,-864
520126.25,"1094380258.293243408203125",-336,-304,-896
520451.5,"1094380258.30316162109375",-336,-288,-896
520776.75,"1094380258.313079833984375",-368,-320,-864
521102.0,"1094380258.323028564453125",-416,-304,-864
521427.25,"1094380258.33294677734375",-368,-320,-880
521752.5,"1094380258.342864990234375",-400,-320,-848
522077.75,"1094380258.352783203125",-416,-320,-832
522403.0,"1094380258.36273193359375",-400,-320,-848
522728.25,"1094380258.372650146484375",-384,-320,-864
523053.5,"1094380258.382568359375",-384,-320,-864
523378.75,"1094380258.392486572265625",-384,-336,-848
523704.0,"1094380258.402435302734375",-400,-320,-816
524029.5,"1094380258.412353515625",-400,-320,-800
524355.0,"1094380258.42230224609375",-352,-304,-800
524680.5,"1094380258.432220458984375",-352,-320,-800
525006.0,"1094380258.442169189453125",-368,-304,-816
525331.25,"1094380258.45208740234375",-368,-320,-816
525656.5,"1094380258.462005615234375",-352,-304,-832
525981.75,"1094380258.471923828125",-336,-304,-816
526307.0,"1094380258.48187255859375",-336,-320,-832
526632.0,"1094380258.491790771484375",-368,-304,-880
526957.0,"1094380258.501708984375",-368,-288,-880
527282.0,"1094380258.511627197265625",-368,-304,-864
527607.0,"1094380258.52154541015625",-352,-304,-832
527932.25,"1094380258.531463623046875",-368,-336,-832
528257.5,"1094380258.5413818359375",-352,-304,-848
528582.75,"1094380258.551300048828125",-400,-320,-816
528908.0,"1094380258.561248779296875",-336,-320,-784
529233.25,"1094380258.5711669921875",-368,-336,-816
529558.5,"1094380258.581085205078125",-384,-352,-848
529883.75,"1094380258.59100341796875",-368,-336,-896
530209.0,"1094380258.6009521484375",-416,-336,-864
530534.25,"1094380258.610870361328125",-352,-320,-848
530859.5,"1094380258.62078857421875",-416,-352,-816
531184.75,"1094380258.630706787109375",-336,-320,-816
531510.0,"1094380258.640655517578125",-368,-336,-832
531835.25,"1094380258.65057373046875",-368,-304,-848
532160.5,"1094380258.660491943359375",-400,-320,-864
532485.75,"1094380258.67041015625",-352,-336,-848
532811.0,"1094380258.68035888671875",-384,-336,-816
533136.25,"1094380258.690277099609375",-416,-320,-800
533461.5,"1094380258.7001953125",-336,-288,-816
533786.75,"1094380258.710113525390625",-368,-320,-832
534112.0,"1094380258.720062255859375",-368,-320,-864
